Applicant,Address,Latitude,Longitude
The Geez Freeze,3750 18TH ST,37.7620192,-122.4273064
Datam SF LLC dba Anzu To You,2535 TAYLOR ST,37.80588535,-122.4159452
Casita Vegana,Assessors Block 7283/Lot004,37.72188971,-122.4925212
Truly Food & More,217 SANSOME ST,37.79238986,-122.4012697
MOMO INNOVATION LLC,351 CALIFORNIA ST,37.79287075,-122.4007475
MOMO INNOVATION LLC,101 CALIFORNIA ST,37.79294895,-122.3980986
Treats by the Bay LLC,1 MONTGOMERY ST,37.78924953,-122.4024186
MOMO INNOVATION LLC,667 MISSION ST,37.78655805,-122.4010334
Treats by the Bay LLC,120 ELLIS ST,37.78561009,-122.4081548
MOMO INNOVATION LLC,1 BUSH ST,37.79092151,-122.4001004
The Chef Station,8 10TH ST,37.77582552,-122.4172496
MOMO INNOVATION LLC,555 MISSION ST,37.78844616,-122.3986412
Treats by the Bay LLC,201 02ND ST,37.78680165,-122.3978716
San Pancho's Tacos,3119 ALEMANY BLVD,37.71019302,-122.4552219
Truly Food & More,505 HOWARD ST,37.78798865,-122.3961007
Truly Food & More,602 MISSION ST,37.78797328,-122.400185
San Pancho's Tacos,1271 CAPITOL AVE,37.72429778,-122.4593773
San Pancho's Tacos,491 BAY SHORE BLVD,0,0
Zuri Food Facilities,475 CALIFORNIA ST,37.79234639,-122.4023853
Zuri Food Facilities,100 SPEAR ST,37.79215055,-122.394
Philz Coffee Truck,556 SUTTER ST,37.78938545,-122.4095913
Zuri Food Facilities,490 02ND ST,37.7830461,-122.3940666
Plaza Garibaldy,1 MONTGOMERY ST,37.78924953,-122.4024186
Philz Coffee Truck,401 CALIFORNIA ST,37.79279574,-122.4013533
BH & MT LLC,3253 16TH ST,37.76445952,-122.4251614
"BOWL'D ACAI, LLC.",200 LARKIN ST,37.78021548,-122.4160258
BH & MT LLC,1477 GROVE ST,37.77529014,-122.4407312
Philz Coffee Truck,735 MONTGOMERY ST,37.7962155,-122.4037546
Plaza Garibaldy,475 CALIFORNIA ST,37.79234639,-122.4023853
BH & MT LLC,1265 GROVE ST,37.77577437,-122.4373316
"BOWL'D ACAI, LLC.",111 BATTERY ST,37.79236679,-122.4001483
BH & MT LLC,949 PRESIDIO AVE,37.78392207,-122.4467216
Zuri Food Facilities,1601 MARIPOSA ST,0,0
BH & MT LLC,170 OTIS ST,0,0
"BOWL'D ACAI, LLC.",451 MONTGOMERY ST,37.79357693,-122.4032299
BH & MT LLC,2001 MARKET ST,37.76832025,-122.4271106
Philz Coffee Truck,250 PINE ST,37.7922956,-122.4007069
BH & MT LLC,401 23RD ST,37.75503073,-122.3845307
BH & MT LLC,2145 MARKET ST,37.76662477,-122.4295112
"BOWL'D ACAI, LLC.",15 MARINA BLVD,37.80457787,-122.4330108
Plaza Garibaldy,540 HOWARD ST,37.78795496,-122.3972365
Philz Coffee Truck,15 MARINA BLVD,37.80457787,-122.4330108
"Santana ESG, Inc.",1 SANSOME ST,37.79048515,-122.4009404
Cochinita,290 TOWNSEND ST,37.77775522,-122.3948078
Cochinita,2601 24TH ST,37.75282237,-122.4055319
Quan Catering,1575 BURKE AVE,37.74417845,-122.3867159
Cochinita,501 BEALE ST,37.78623677,-122.3890662
Cochinita,617 BRYANT ST,37.77905111,-122.3983039
Liang Bai Ping,Assessors Block /Lot,0,0
Reecees Soulicious,201 BAY SHORE BLVD,37.74530891,-122.4034201
Mini Mobile Food Catering,147 FREMONT ST,37.79018557,-122.3954717
El Alambre,1800 FOLSOM ST,37.76785244,-122.4161049
Got Snacks,1020 03RD ST,37.77551014,-122.3909993
El Alambre,1188 FRANKLIN ST,37.78527195,-122.4226036
El Alambre,1100 FRANKLIN ST,37.78484603,-122.4225681
El Alambre,1800 FOLSOM ST,37.76785244,-122.4161049
Cochinita,999 DIVISADERO ST,37.7783843,-122.4387824
Cochinita,501 02ND ST,37.7831711,-122.392901
Cochinita,1219 07TH AVE,37.76549699,-122.4645976
Cochinita,490 BRANNAN ST,37.77886314,-122.3964444
Scotch Bonnet,50 01ST ST,37.79014907,-122.3986582
Liang Bai Ping,931 PALOU AVE,37.72673391,-122.378972
"Chairman SF, LLC",625 02ND ST,37.78168898,-122.3910618
MOMO INNOVATION LLC,351 CALIFORNIA ST,37.79287075,-122.4007475
Kid Abelha - Brazilian Hamburgers,125 NAPOLEON ST,37.74685602,-122.3971498
Kid Abelha - Brazilian Hamburgers,2045 EVANS AVE,37.74777209,-122.3970317
"Off the Grid Services, LLC",44 MARY ST,37.78137237,-122.4066192
Breakfast Embed,234 01ST ST,37.78773327,-122.3956635
"Off the Grid Services, LLC",90 BROADWAY,37.79926011,-122.3996179
Breakfast Embed,1200 04TH ST,37.77248361,-122.3918116
San Francisco Taco Truck,345 WILLIAMS AVE,37.72980548,-122.3992471
Sunset Mercantile/Outer Sunset Farmers Market & Mercantile,2155 37TH AVE,37.74732655,-122.4962807
"San Francisco Street Foods, Inc.",100 POST ST,37.78923328,-122.4055791
Buenafe,901 16TH ST,37.76612469,-122.3954731
"San Francisco Carts & Concessions, Inc. DBA Stanley's Steamers Hot Dogs",345 STOCKTON ST,37.78891015,-122.407196
Papalote Inc.,505 HOWARD ST,37.78798865,-122.3961007
Buenafe,750 PHELPS ST,37.73944545,-122.393015
"San Francisco Carts & Concessions, Inc. DBA Stanley's Steamers Hot Dogs",233 GEARY ST,37.7872426,-122.4068797
DO UC US Mobile Catering,2590 MARIN ST,37.74837583,-122.4032006
"San Francisco Street Foods, Inc.",2 MONTGOMERY ST,37.78939198,-122.4018247
"Off the Grid Services, LLC",185 BERRY ST,37.77632715,-122.3917968
"Bay Area Mobile Catering, Inc. dba. Taqueria Angelica's",1455 MARKET ST,37.77522831,-122.4174661
Fillmore Square,1223 WEBSTER ST,37.78239151,-122.4311146
Senor Sisig,120 ELLIS ST,37.78561009,-122.4081548
La Jefa,531 BAY SHORE BLVD,37.7387268,-122.406736
Fillmore Square,1290 FILLMORE ST,37.78127595,-122.4318404
Senor Sisig,120 02ND ST,37.78751406,-122.3995663
Think is Good Inc.,430 CALIFORNIA ST,37.79326221,-122.4017891
Senor Sisig,300 PINE ST,0,0
Think is Good Inc.,560 MISSION ST,37.78886472,-122.3993594
CARDONA'S FOOD TRUCK,1888 MISSION ST,37.7668976,-122.4203225
CARDONA'S FOOD TRUCK,1800 MISSION ST,37.76781718,-122.4205753
Fillmore Square,1245 FILLMORE ST,37.78085752,-122.4330568
Think is Good Inc.,100 PINE ST,37.79264072,-122.3989703
Senor Sisig,101 CALIFORNIA ST,37.79294895,-122.3980986
Fillmore Square,1290 FILLMORE ST,37.78127595,-122.4318404
Senor Sisig,90 BROADWAY,37.79926011,-122.3996179
California Kahve,1234 GREAT HWY,37.76360804,-122.5095958
Senor Sisig,901 MISSION ST,37.78215364,-122.4066011
Senor Sisig,8 10TH ST,37.77582552,-122.4172496
Buenafe,220 RANKIN ST,37.74574924,-122.3924815
Senor Sisig,90 BROADWAY,37.79926011,-122.3996179
"San Francisco Street Foods, Inc.",701 HOWARD ST,37.78351335,-122.4008134
"Off the Grid Services, LLC",185 BERRY ST,37.77632715,-122.3917968
DO UC US Mobile Catering,1420 04TH ST,37.76989775,-122.3910983
DO UC US Mobile Catering,400 PARNASSUS AVE,37.76386403,-122.4583917
"Bay Area Mobile Catering, Inc. dba. Taqueria Angelica's",3065 25TH ST,37.75093165,-122.41142
"Off the Grid Services, LLC",340 BRANNAN ST,37.78126469,-122.393229
"San Francisco Street Foods, Inc.",1 THE EMBARCADERO,37.79464383,-122.3996443
"San Francisco Carts & Concessions, Inc. DBA Stanley's Steamers Hot Dogs",251 GEARY ST,37.78717629,-122.4073981
Roadside Rotisserie Corporation / Country Grill,1 BUSH ST,37.79092151,-122.4001004
DO UC US Mobile Catering,1501 03RD ST,37.77089223,-122.3891692
"Bay Area Mobile Catering, Inc. dba. Taqueria Angelica's",1501 FOLSOM ST,37.7715867,-122.414007
"San Francisco Street Foods, Inc.",5 THE EMBARCADERO,37.794331,-122.3958111
"Off the Grid Services, LLC",250 04TH ST,37.78236012,-122.402096
Tacos Rodriguez,1275 EVANS AVE,37.73911143,-122.382465
Singh Brothers Ice Cream,360 PENINSULA AVE,37.71084128,-122.3996426
Tacos Rodriguez,2198 OAKDALE AVE,37.74099474,-122.4011723
Tacos Rodriguez,600 MENDELL ST,37.73967879,-122.3864934
Roadside Rotisserie Corporation / Country Grill,90 BROADWAY,37.79926011,-122.3996179
Tacos Rodriguez,1 SANSOME ST,37.79048515,-122.4009404
"Off the Grid Services, LLC",525 BRANNAN ST,37.77751326,-122.3970441
"Bay Area Mobile Catering, Inc. dba. Taqueria Angelica's",1301 CESAR CHAVEZ ST,37.74925586,-122.3909754
"San Francisco Carts & Concessions, Inc. DBA Stanley's Steamers Hot Dogs",100 GEARY ST,37.78791423,-122.4052705
Papalote Inc.,60 SPEAR ST,37.79253599,-122.3945932
CC Acquisition LLC,298 MARKET ST,37.79321373,-122.397043
Wu Wei LLC dba MoBowl,75 HOWARD ST,37.79155786,-122.3916715
Tacos El Flaco,2901 03RD ST,37.75240499,-122.3870002
Street Meet,306 VALENCIA ST,37.76785527,-122.4224844
Roadside Rotisserie Corporation / Country Grill,300 CALIFORNIA ST,37.79344653,-122.4003437
San Francisco's Hometown Creamery,281 GEARY ST,37.78713649,-122.4077185
Singh Brothers Ice Cream,1420 YOSEMITE AVE,37.7251817,-122.3881927
"SOHOMEI, LLC",500 MASONIC AVE,37.77655004,-122.4463076
"SOHOMEI, LLC",3300 CESAR CHAVEZ ST,37.74854979,-122.4161707
Serendipity SF,400 CALIFORNIA ST,37.79330428,-122.401459
"Off the Grid Services, LLC",90 BROADWAY,37.79926011,-122.3996179
Brazuca Grill,380 10TH ST,37.77165385,-122.4118091
Brazuca Grill,133 SHIPLEY ST,37.7807241,-122.4012354
Brazuca Grill,2150 CESAR CHAVEZ ST,37.75023688,-122.397818
Brazuca Grill,3150 03RD ST,37.74944294,-122.3879855
Brazuca Grill,1051 26TH ST,37.75126941,-122.3898944
Brazuca Grill,1347 DONNER AVE,37.72145084,-122.3893534
Brazuca Grill,1411 MARKET ST,37.77582552,-122.4172496
Brazuca Grill,1255 22ND ST,37.75701552,-122.3940629
Brazuca Grill,998 INDIANA ST,37.75803739,-122.3916719
Bonito Poke,505 HOWARD ST,37.78798865,-122.3961007
Bonito Poke,409 ILLINOIS ST,37.76624505,-122.3873563
Rita's Catering,1028 MISSION ST,37.78069438,-122.4096688
Curry Up Now,370 DRUMM ST,37.79691371,-122.3966507
"The New York Frankfurter Co. of CA, Inc. DBA: Annie's Hot Dogs",800 MARKET ST,37.78546975,-122.4066158
"The New York Frankfurter Co. of CA, Inc. DBA: Annie's Hot Dogs",101 STOCKTON ST,37.78685611,-122.4068919
Curry Up Now,727 SANSOME ST,37.79694901,-122.4021834
Curry Up Now,601 03RD ST,37.78007717,-122.3937673
Bonito Poke,400 HOWARD ST,37.78911921,-122.395881
"The New York Frankfurter Co. of CA, Inc. DBA: Annie's Hot Dogs",870 MARKET ST,37.78511092,-122.4074227
Curry Up Now,225 BUSH ST,37.79083842,-122.4011604
Bonito Poke,430 CALIFORNIA ST,37.79326221,-122.4017891
Brazuca Grill,1750 FOLSOM ST,37.76890352,-122.4159812
Brazuca Grill,2660 NEWHALL ST,37.72721217,-122.3996363
Brazuca Grill,1090 26TH ST,37.75160841,-122.3903095
Truly Food & More,1500 GENEVA AVE,37.7123026,-122.4316442
Eva's Catering,1199 ORTEGA ST,37.78350912,-122.4900712
Brazuca Grill,951 INDIANA ST,37.75878616,-122.3909584
Brazuca Grill,1420 CARROLL AVE,37.72357686,-122.3900591
Brazuca Grill,815 TENNESSEE ST,37.7615022,-122.389277
Brazuca Grill,3255 03RD ST,37.74844534,-122.386879
Eva's Catering,1650 20TH AVE,37.75798419,-122.4334658
Brazuca Grill,500 FRANCISCO ST,37.80504951,-122.4143344
Brazuca Grill,700 PENNSYLVANIA AVE,37.75692365,-122.3935496
Brazuca Grill,150 OTIS ST,37.7706834,-122.4208796
F & C Catering,1500 TENNESSEE ST,37.75224167,-122.3891885
Brazuca Grill,3000 03RD ST,37.75046412,-122.3879083
Brazuca Grill,790 TENNESSEE ST,37.7618524,-122.3899321
Eva's Catering,630 BRANNAN ST,37.77609875,-122.4002872
Brazuca Grill,640 TEXAS ST,37.75791706,-122.3954759
Park's Catering,190 NAPOLEON ST,37.74758628,-122.3988657
Natan's Catering,3040 HARRISON ST,37.74884806,-122.412619
Natan's Catering,Assessors Block 4046/Lot001,37.76200846,-122.3854418
El Gallo Jiro,3055 23RD ST,37.75392774,-122.4133231
Roadside Rotisserie Corporation / Country Grill,1 POST ST,37.78877872,-122.4025746
"Chairman SF, LLC",34 ELLIS ST,37.78756517,-122.4095928
Brazuca Grill,368 ELM ST,37.78138003,-122.4231438
"Halal Cart, LLC",455 MARKET ST,37.79094704,-122.3986336
F & C Catering,1275 MINNESOTA ST,37.75425171,-122.3893812
Eva's Catering,1900 19TH AVE,37.75212416,-122.4758723
Brazuca Grill,601 MARIPOSA ST,37.76405209,-122.3901444
Brazuca Grill,601 23RD ST,37.75503073,-122.3845307
Brazuca Grill,1575 INDIANA ST,37.75084961,-122.3900276
Eva's Catering,2600 INGALLS ST,37.72262922,-122.3900618
Brazuca Grill,3305 03RD ST,37.74383117,-122.3777974
Eva's Catering,2045 EVANS AVE,37.74777209,-122.3970317
F & C Catering,2800 03RD ST,37.75371742,-122.388359
FRUITYMANIA,870 MARKET ST,37.78511092,-122.4074227
"Chairman SF, LLC",400 CALIFORNIA ST,0,0
Brazuca Grill,1082 PENNSYLVANIA AVE,37.75336083,-122.3930459
"Chairman SF, LLC",536 MISSION ST,37.78924891,-122.398893
Flavors of Africa,405 HOWARD ST,37.78853001,-122.3951443
Faith Sandwich,560 MISSION ST,37.78886472,-122.3993594
Eva's Catering,530 05TH ST,37.77687639,-122.4002596
CC Acquisition LLC,525 MARKET ST,37.79040672,-122.3992759
Singh Brothers Ice Cream,297 HARBOR RD,37.73343881,-122.3804675
"SOHOMEI, LLC",1118 MISSION ST,37.77915721,-122.4116154
"SOHOMEI, LLC",432 CLAY ST,37.79510556,-122.4008766
Singh Brothers Ice Cream,1562 BANCROFT AVE,37.7254507,-122.3919916
SPUNBYSS,240 02ND ST,37.78594032,-122.3977999
Singh Brothers Ice Cream,195 KISKA RD,37.72943829,-122.3766578
Tacos El Primo,1700 EVANS AVE,37.74488929,-122.390972
Singh Brothers Ice Cream,1191 QUESADA AVE,37.72774449,-122.3821074
"SOHOMEI, LLC",1 THOMAS MORE WAY,37.71000333,-122.4714119
Singh Brothers Ice Cream,2900 GRIFFITH ST,37.71699129,-122.3895991
"SOHOMEI, LLC",1540 PINE ST,37.78982692,-122.4211263
Munch India,400 CALIFORNIA ST,37.79330428,-122.401459
Singh Brothers Ice Cream,1000 HOLLISTER AVE,37.71893982,-122.3905179
Singh Brothers Ice Cream,1173 INGERSON AVE,37.72044936,-122.395915
Tacos El Primo,1495 WALLACE AVE,37.7259305,-122.3892156
The Huge Hotdog Concession,1300 POLK ST,37.78887712,-122.420091
Julie's Hot Dogs,1850 MISSION ST,37.76735502,-122.4205179
Singh Brothers Ice Cream,1475 DONNER AVE,37.72279369,-122.3917197
Brazuca Grill,2030 03RD ST,37.7636598,-122.3891339
Brazuca Grill,640 TENNESSEE ST,37.76354048,-122.3900966
Julie's Hot Dogs,2101 MISSION ST,37.76317462,-122.4190095
Marengo,75 WATERLOO ST,37.73864994,-122.4061861
Singh Brothers Ice Cream,35 NIBBI CT,37.71045169,-122.3961491
Eli's Hot Dogs,101 BAY SHORE BLVD,37.7469483,-122.403391
Singh Brothers Ice Cream,1101 PALOU AVE,37.72867144,-122.3818651
"SOHOMEI, LLC",740 VALENCIA ST,37.76095717,-122.4218242
SF Cart Project,535 MISSION BAY BLVD SOUTH,37.76912441,-122.3914749
"Santana ESG, Inc.",2598 HARRISON ST,0,0
"SOHOMEI, LLC",599 MASONIC AVE,37.78072315,-122.4477896
El Tonayense #60,2355 FOLSOM ST,0,0
"SOHOMEI, LLC",1580 DAVIDSON AVE,37.74569303,-122.3907146
Singh Brothers Ice Cream,1550 WALLACE AVE,37.72716807,-122.3900291
Ruru Juice LLC,601 MISSION ST,37.78767164,-122.3997629
Wonder Philly,960 04TH ST,37.77433767,-122.3940533
Singh Brothers Ice Cream,1104 FITZGERALD AVE,37.72017472,-122.3894071
Julie's Hot Dogs,2365 MISSION ST,37.75924029,-122.4185442
"SOHOMEI, LLC",690 MISSION ST,0,0
"Kabob Trolley, LLC",298 KING ST,37.77764221,-122.3934181
"Kabob Trolley, LLC",1133 MISSION ST,37.77833026,-122.4115159
Tacos El Primo,345 WILLIAMS AVE,37.72980548,-122.3992471
Singh Brothers Ice Cream,1309 INGALLS ST,37.73037424,-122.3818619
CC Acquisition LLC,560 VALENCIA ST,37.76385808,-122.4220826
"Santana ESG, Inc.",200 SHOTWELL ST,37.76474535,-122.4165621
"SOHOMEI, LLC",544 02ND ST,37.78242356,-122.3932364
Ruru Juice LLC,80 SUTTER ST,37.79034625,-122.4018502
Singh Brothers Ice Cream,3444 JENNINGS ST,37.71852205,-122.3966614
Tacos Lol-Tun,1610 ARMSTRONG AVE,37.72659436,-122.3923556
El Tonayense #60,401 TREAT AVE,37.76310833,-122.4134549
"SOHOMEI, LLC",1570 BURKE AVE,37.74475219,-122.3856792
"SOHOMEI, LLC",730 ELLIS ST,37.78442074,-122.4184054
"SOHOMEI, LLC",1240 MINNESOTA ST,37.75461495,-122.3903881
"SOHOMEI, LLC",85 02ND ST,37.78845703,-122.3998842
Singh Brothers Ice Cream,2115 JENNINGS ST,37.72672798,-122.3886584
Singh Brothers Ice Cream,800 JAMESTOWN AVE,37.716443,-122.3899379
"SOHOMEI, LLC",501 HOWARD ST,0,0
Singh Brothers Ice Cream,1698 KIRKWOOD AVE,37.73935716,-122.3915228
"SOHOMEI, LLC",2401 22ND ST,37.75563701,-122.4051019
Singh Brothers Ice Cream,1207 SHAFTER AVE,37.72670827,-122.3836249
"SOHOMEI, LLC",1652 EDDY ST,37.78159675,-122.4348578
El Tonayanse #4 / #36,1717 HARRISON ST,0,0
Singh Brothers Ice Cream,1060 KEY AVE,37.71920022,-122.3959767
"SOHOMEI, LLC",Assessors Block 3902/Lot002,37.76830699,-122.4120003
Brazuca Grill,1400 MINNESOTA ST,37.75207459,-122.3901449
Wu Wei LLC dba MoBowl,900 FRONT ST,37.80022092,-122.399569
Eva's Catering,1100 ORTEGA ST,37.75266052,-122.4754735
Brazuca Grill,1040 MARIPOSA ST,37.76420238,-122.3942852
Brazuca Grill,208 PENNSYLVANIA AVE,37.76346296,-122.3940129
Brazuca Grill,6000 03RD ST,37.7239799,-122.3959035
Brazuca Grill,2085 03RD ST,37.76329906,-122.3884823
Park's Catering,220 RANKIN ST,37.74646979,-122.3915152
Wu Wei LLC dba MoBowl,500 HOWARD ST,0,0
Natan's Catering,3201 03RD ST,37.74844534,-122.386879
Brazuca Grill,1315 ARMSTRONG AVE,37.72307876,-122.3875257
Faith Sandwich,58 MAIN ST,37.79210934,-122.3958039
Brazuca Grill,1346 EDDY ST,37.78186712,-122.4298852
Wu Wei LLC dba MoBowl,253 DRUMM ST,37.79612338,-122.3972732
Brazuca Grill,131 SHOTWELL ST,37.74793094,-122.4151932
Park's Catering,1650 DAVIDSON AVE,37.7467113,-122.3921503
F & C Catering,2890 03RD ST,37.75310875,-122.3881702
Halal Cart of San Francisco,400 MONTGOMERY ST,37.79314863,-122.4025672
Park's Catering,1570 BURKE AVE,37.74475219,-122.3856792
Golden Gate Halal Food,979 MARKET ST,37.78228077,-122.4095312
Park's Catering,Assessors Block 4755/Lot049,37.72638293,-122.3784348
Treats by the Bay LLC,1 MARKET ST,37.79387151,-122.3948652
Park's Catering,1575 BURKE AVE,37.74417845,-122.3867159
Park's Catering,2323 CESAR CHAVEZ ST,37.74880138,-122.4005525
Leo's Hot Dogs,2301 MISSION ST,37.76008693,-122.4188065
Park's Catering,3450 03RD ST,37.74572922,-122.3877977
F & C Catering,Assessors Block /Lot,0,0
F & C Catering,900 MINNESOTA ST,0,0
F & C Catering,700 25TH ST,37.75338081,-122.3863677
Park's Catering,1801 EVANS AVE,37.7445912,-122.3930769
Park's Catering,250 NAPOLEON ST,37.74675555,-122.4009063
Flavors of Africa,560 MISSION ST,37.78886472,-122.3993594
Park's Catering,2525 MARIN ST,37.74761607,-122.401977
F & C Catering,898 PENNSYLVANIA AVE,37.75553447,-122.3939253
Roadside Rotisserie Corporation / Country Grill,333 BRANNAN ST,37.780918,-122.392417
Park's Catering,Assessors Block 4645/Lot015,37.73213495,-122.3753981
Flavors of Africa,555 MISSION ST,37.78844616,-122.3986412
Park's Catering,220 NEWHALL ST,37.74301425,-122.3844602
Park's Catering,1555 BURKE AVE,37.74371348,-122.3859648
"Halal Cart, LLC",1 MARKET ST,37.79387151,-122.3948652
Wu Wei LLC dba MoBowl,370 DRUMM ST,37.79691371,-122.3966507
Park's Catering,330 NEWHALL ST,37.74298987,-122.3867733
Park's Catering,1000 EVANS AVE,37.73772687,-122.3765729
Street Meet,30 GROVE ST,37.77915912,-122.4158079
Street Meet,777 MARIPOSA ST,37.76381128,-122.3912654
Golden Gate Halal Food,1169 MARKET ST,0,0
Park's Catering,2020 EVANS AVE,0,0
Park's Catering,10 LOOMIS ST,37.74378392,-122.4037888
Park's Catering,Assessors Block 4644/Lot008,37.73090615,-122.3733026
Shah's Halal Food,532 MARKET ST,37.79054832,-122.4003337
"Halal Cart, LLC",400 MONTGOMERY ST,37.79314863,-122.4025672
FRUITYMANIA,801 MARKET ST,37.78499028,-122.4056766
Park's Catering,300 NEWHALL ST,37.74322468,-122.385343
Park's Catering,3801 03RD ST,37.74102621,-122.3877929
Street Meet,100 LARKIN ST,37.77915912,-122.4158079
Halal Cart of San Francisco,1 MARKET ST,37.79387151,-122.3948652
Lerso,1450 MISSION ST,37.77522831,-122.4174661
Park's Catering,525 PHELPS ST,37.74176065,-122.389098
Park's Catering,1200 MISSISSIPPI ST,37.75169104,-122.3943742
Natan's Catering,350 KANSAS ST,37.76537067,-122.4039078
Natan's Catering,888 MARIN ST,37.74945833,-122.3850813
Natan's Catering,Assessors Block 4241/Lot002,37.75334,-122.3841284
Natan's Catering,Assessors Block 4315/Lot03008,0,0
Natan's Catering,1801 EVANS AVE,37.7445912,-122.3930769
Natan's Catering,146 CONNECTICUT ST,37.7644473,-122.3979874
Natan's Catering,2045 EVANS AVE,37.74777209,-122.3970317
Natan's Catering,950 HARRISON ST,37.77838862,-122.4031918
San Francisco's Hometown Creamery,425 CALIFORNIA ST,37.79279574,-122.4013533
Natan's Catering,400 ALEMANY BLVD,37.7331424,-122.4145686
Natan's Catering,Assessors Block 4296/Lot010,37.75240499,-122.3870002
San Francisco's Hometown Creamery,301 PINE ST,37.79183426,-122.4012796
Natan's Catering,Assessors Block 4103/Lot023A,37.7583034,-122.3935141
Natan's Catering,3335 17TH ST,37.76315639,-122.4203222
Natan's Catering,Assessors Block 5369/Lot003,37.73811777,-122.4044185
Natan's Catering,Assessors Block 7295/Lot022,37.73000368,-122.4781863
Natan's Catering,Assessors Block 4172/Lot010,37.75712456,-122.3885295
Natan's Catering,1140 07TH ST,37.76824939,-122.3984307
Natan's Catering,151 MENDELL ST,37.74282023,-122.3828474
Natan's Catering,Assessors Block 4227/Lot012,37.75315511,-122.3911742
San Francisco's Hometown Creamery,340 POST ST,37.788697,-122.4074704
Natan's Catering,Assessors Block 8722/Lot001,37.76799555,-122.3875494
Natan's Catering,Assessors Block 5598/Lot031,37.74030387,-122.4060597
San Francisco's Hometown Creamery,1 MONTGOMERY ST,37.78924953,-122.4024186
Natan's Catering,2101 03RD ST,0,0
Natan's Catering,50 QUINT ST,37.74647051,-122.3889908
Natan's Catering,555 MISSOURI ST,37.75930377,-122.3959022
Natan's Catering,Assessors Block 3941/Lot001,37.76474132,-122.3871248
Natan's Catering,66 POTRERO AVE,37.76854329,-122.4084929
Natan's Catering,1650 03RD ST,37.76912441,-122.3914749
Natan's Catering,Assessors Block 5216/Lot030,37.74540643,-122.3900812
Natan's Catering,Assessors Block 8722/Lot003,37.76743302,-122.3921491
Natan's Catering,435 23RD ST,37.75503073,-122.3845307
Natan's Catering,600 16TH ST,37.76746629,-122.3908603
Natan's Catering,1580 BURKE AVE,37.74475219,-122.3856792
Natan's Catering,Assessors Block 4058/Lot010,37.76118299,-122.3881187
Natan's Catering,Assessors Block 4281a/Lot012A,37.75076077,-122.4015403
Natan's Catering,Assessors Block 8732/Lot001,37.77070298,-122.3907904
El Calamar Perubian Food Truck,85 02ND ST,37.78845703,-122.3998842
Tacos Santo Toribio,928 TOLAND ST,37.74162369,-122.4015472
Star Taco,580 HOWARD ST,37.78730425,-122.3980373
Quan Catering,2920 03RD ST,37.75197163,-122.3879655
tacos y pupusas los trinos,4384 MISSION ST,37.72756654,-122.4329697
Scotch Bonnet,115 SANSOME ST,37.79142654,-122.4010379
Kettle Corn Star,773 MARKET ST,37.78539564,-122.404391
Quan Catering,2111 LANE ST,37.72878796,-122.3922948
Liang Bai Ping,1450 WALLACE AVE,37.72614569,-122.3882277
Ziaurehman Amini,5 THE EMBARCADERO,37.794331,-122.3958111
SF Street Food,290 SUTTER ST,37.78991387,-122.4052329
"Off the Grid Services, LLC",1 BUSH ST,37.79092151,-122.4001004
"Bay Area Dots, LLC",900 BEACH ST,37.80774329,-122.4241499
Liang Bai Ping,1145 REVERE AVE,37.72659048,-122.3817522
"San Francisco Carts & Concessions, Inc. DBA Stanley's Steamers Hot Dogs",384 POST ST,37.78862122,-122.4080689
"BOWL'D ACAI, LLC.",15 MARINA BLVD,37.80457787,-122.4330108
Tacos El Ojo De Agua,551 03RD ST,37.78064721,-122.3946292
Tacos Santana,1700 JERROLD AVE,37.7424952,-122.3916176
Liang Bai Ping,1127 SHAFTER AVE,37.72594556,-122.3822812
Mini Mobile Food Catering,420 BERRY ST,37.77200866,-122.3990838
Quan Catering,722 BRANNAN ST,37.77444911,-122.4020872
Quan Catering,3305 03RD ST,37.74383117,-122.3777974
Fruteria Serrano,4650 MISSION ST,37.72366128,-122.4359438
Reecees Soulicious,4705 03RD ST,37.73500423,-122.3901725
Taqueria Lolita,1700 EVANS AVE,37.74488929,-122.390972
Julie's Hot Dogs,2386 MISSION ST,37.75887999,-122.4193792
"San Francisco Carts & Concessions, Inc. DBA Stanley's Steamers Hot Dogs",Assessors Block /Lot,0,0
"Off the Grid Services, LLC",Assessors Block /Lot,0,0
Liang Bai Ping,1420 YOSEMITE AVE,37.7251817,-122.3881927
Liang Bai Ping,1377 FELL ST,37.77328794,-122.4400323
Quan Catering,222 02ND ST,37.7863198,-122.3982351
Mini Mobile Food Catering,355 BERRY ST,37.77236391,-122.397041
The Chai Cart,79 NEW MONTGOMERY ST,37.7878897,-122.4005353
Swell Cream & Coffee,2401 36TH AVE,37.74129028,-122.4943779
Quan Catering,2190 CESAR CHAVEZ ST,37.75023688,-122.397818
Liang Bai Ping,1135 REVERE AVE,37.72647072,-122.3815412
Corazon Maya,2109 MISSION ST,37.76317462,-122.4190095
Munch India,Assessors Block /Lot,0,0
Liang Bai Ping,1160 REVERE AVE,37.72723401,-122.3818155
Mini Mobile Food Catering,355 FREMONT ST,37.78732242,-122.3922237
Liang Bai Ping,2115 JENNINGS ST,37.72672798,-122.3886584
Liang Bai Ping,1335 YOSEMITE AVE,37.72387884,-122.3870109
Mini Mobile Food Catering,1690 FOLSOM ST,37.77013758,-122.4159834
Quan Catering,500 SELBY ST,37.74449821,-122.3969554
Pipo's Grill,1800 FOLSOM ST,37.76785244,-122.4161049
Quan Catering,400 BEALE ST,37.78690492,-122.3909203
Mini Mobile Food Catering,355 11TH ST,37.77146722,-122.4128723
Athena SF Gyro,10 SOUTH VAN NESS AVE,37.77425926,-122.419486
Izzy's Cheesesteaks,255 BATTERY ST,37.79344653,-122.4003437
La Jefa,80 SUTTER ST,37.79034625,-122.4018502
"Casey's Pizza, LLC",654 MISSION ST,37.78718285,-122.4012348
Liang Bai Ping,1500 WALLACE AVE,37.72672579,-122.3892499
Liang Bai Ping,1180 THOMAS AVE,37.72612524,-122.3831993
Giant Burrito,1500 GENEVA AVE,37.7123026,-122.4316442
Tacos Santana,2101 CARROLL AVE,37.73022168,-122.4029785
Quan Catering,1301 CESAR CHAVEZ ST,37.74925586,-122.3909754
Scotch Bonnet,25 MONTGOMERY ST,37.7894867,-122.4024674
Halal Food,50 CALIFORNIA ST,37.79405318,-122.3973477
"Casey's Pizza, LLC",100 SPEAR ST,37.79215055,-122.394
"Casey's Pizza, LLC",368 FELL ST,37.77604871,-122.4239392
Liang Bai Ping,1475 CARROLL AVE,37.72325987,-122.3911729
"Casey's Pizza, LLC",231 SANSOME ST,37.7926094,-122.4013149
Liang Bai Ping,1351 UNDERWOOD AVE,37.72701466,-122.3874974
Mini Mobile Food Catering,491 BAY SHORE BLVD,0,0
Liang Bai Ping,1031 QUESADA AVE,37.72578914,-122.3789727
Liang Bai Ping,1515 GRIFFITH ST,37.72531943,-122.3813892
Athena SF Gyro,699 08TH ST,37.771022,-122.4035463
Halal Cart of San Francisco,1 FRONT ST,37.79175721,-122.3988976
Chilifruit,Assessors Block /Lot,0,0
Quan Catering,3433 03RD ST,0,0
Kettle Corn Star,865 MARKET ST,37.78394691,-122.4071583
"San Francisco Carts & Concessions, Inc. DBA Stanley's Steamers Hot Dogs",331 POWELL ST,37.7877553,-122.4087822
Quan Catering,201 ALABAMA ST,37.76779784,-122.4120963
Tacos Santana,2142 JERROLD AVE,37.74451858,-122.3989408
Liang Bai Ping,1430 YOSEMITE AVE,37.72549805,-122.3883692
Mini Mobile Food Catering,Assessors Block 4341/Lot001,37.74895036,-122.4014932
Liang Bai Ping,201 FOLSOM ST,37.78814528,-122.3911819
Liang Bai Ping,Assessors Block 3720/Lot001,37.78969137,-122.3965956
Halal Cart of San Francisco,555 MARKET ST,37.78988988,-122.3999304
Boulangerie La Camionnette,500 FLORIDA ST,37.76259016,-122.4114839
Let's Be Frank,404 OCTAVIA ST,37.77603906,-122.4241756
Khalid M Malik,Assessors Block /Lot,0,0
The Chef Station,425 DIVISADERO ST,37.77336405,-122.4378752
Mini Mobile Food Catering,Assessors Block 3905/Lot011,37.76855707,-122.4096102
Liang Bai Ping,1389 UNDERWOOD AVE,37.72711043,-122.3882613
Scotch Bonnet,430 CALIFORNIA ST,37.79326221,-122.4017891
"Off the Grid Services, LLC",65 MINNA ST,37.78790958,-122.3983608
Liang Bai Ping,1450 DONNER AVE,37.72305651,-122.3911119
Liang Bai Ping,1300 GRIFFITH ST,37.72708663,-122.3810744
Mini Mobile Food Catering,401 HARRISON ST,0,0
Liang Bai Ping,1440 BANCROFT AVE,37.72417289,-122.3897354
Liang Bai Ping,1337 VAN DYKE AVE,37.72624948,-122.3878154
Mini Mobile Food Catering,245 01ST ST,37.7879001,-122.394594
Quan Catering,645 BRYANT ST,37.77826658,-122.3988359
Yummy Hot Dogs,954 MARKET ST,37.78317542,-122.4095683
SF Street Food,667 MISSION ST,37.78655805,-122.4010334
Swell Cream & Coffee,2450 TARAVAL ST,37.74255037,-122.4926771
Quan Catering,50 CALIFORNIA ST,37.79405318,-122.3973477
"San Francisco Carts & Concessions, Inc. DBA Stanley's Steamers Hot Dogs",Assessors Block /Lot,0,0
Mini Mobile Food Catering,350 FREMONT ST,37.78707653,-122.3929826
Mini Mobile Food Catering,620 MENDELL ST,37.73937867,-122.3863379
Taqueria Lolita,750 PHELPS ST,37.73944545,-122.393015
Quan Catering,151 EXECUTIVE PARK BLVD,0,0
Liang Bai Ping,1370 VAN DYKE AVE,37.72695076,-122.38798
Yummy Hot Dogs,945 MARKET ST,37.78283416,-122.4088379
Liang Bai Ping,1212 THOMAS AVE,37.72666477,-122.3841442
Quan Catering,2555 BAY SHORE BLVD,37.70937546,-122.4041544
Isidoro Serrano,2501 MISSION ST,37.75687745,-122.4185799
Ziaurehman Amini,1 CALIFORNIA ST,37.79321373,-122.397043
Liang Bai Ping,1460 BANCROFT AVE,37.72441324,-122.3901572
Liang Bai Ping,2200 OFARRELL ST,0,0
Esmeli Catering,Assessors Block /Lot,0,0
Liang Bai Ping,1555 BANCROFT AVE,37.72439753,-122.3915051
Treats by the Bay LLC,1550 04TH ST,37.76912441,-122.3914749
Authentic India,1355 MARKET ST,37.77673621,-122.4163949
"Bay Area Dots, LLC",567 BAY ST,0,0
Liang Bai Ping,1153 SHAFTER AVE,37.72648516,-122.3832325
El Calamar Perubian Food Truck,2615 24TH ST,37.75281483,-122.4056626
La Jefa,155 SANSOME ST,37.79183426,-122.4012796
Let's Be Frank,425 HAYES ST,37.7765669,-122.4233954
Street Meet,564 HOWARD ST,37.78753989,-122.3977267
La Jefa,1550 04TH ST,37.76912441,-122.3914749
Union Square Business Improvement District,Assessors Block /Lot,0,0
Mini Mobile Food Catering,701 16TH ST,0,0
"Casey's Pizza, LLC",1 POST ST,37.78877872,-122.4025746
Mini Mobile Food Catering,350 08TH ST,37.77369415,-122.4096584
Liang Bai Ping,1265 THOMAS AVE,37.72670968,-122.3852947
Liang Bai Ping,300 BEALE ST,37.78813948,-122.3925795
Giant Burrito,353 BAY SHORE BLVD,37.74171783,-122.405418